{
  "pos": [
    [0.5397210494602389, 0.7290130871228212],
    [0.5048699222387866, 0.5571665166273669],
    [0.21428971856671583, 0.5538180111132152],
    [0.9552176756149994, 0.7442708831819246],
    [0.6437491495520651, 0.8135826901614798],
    [0.30330877939440315, 0.35329124495155606],
    [0.5256356807919454, 0.2573496950047747],
    [-0.0625697599184448, 0.4178717523433709],
    [-0.2646669321283092, 0.01698992141658592],
    [0.743157304370401, 1.0],
    [0.34582750452349104, -0.3425624906975712],
    [0.41814852647535256, -0.03983256036180943],
    [-0.28155929464751844, 0.158649821739691],
    [-0.3975234413646907, -0.20919542995589788],
    [-0.4336952950256082, -0.5502015216718248],
    [0.12163558011417767, -0.5525354880304182],
    [0.18201982262833594, 0.023061171729850404],
    [-0.04453561245647295, 0.1476013514433946],
    [-0.5635676342845102, -0.7528407453853225],
    [-0.6260078014589037, -0.6920792798889915],
    [-0.15052381912585278, -0.6269501728087165],
    [-0.4463528113596178, 0.3373891164965825],
    [-0.4072798867676873, 0.09297413111313023],
    [-0.4392691146544779, -0.6392966545339219],
    [-0.22796769993746993, -0.6909055043839147],
    [-0.1795394448319986, 0.1880760028777859],
    [-0.028342868367641404, -0.5212754381949279],
    [0.07450846358090285, 0.10955971747418083],
    [-0.5538831873141118, -0.4114749775465799],
    [-0.5043710756728542, -0.14366711743229724],
    [-0.16465322090580764, -0.15383710751113125],
    [0.1931185565197335, 0.10829755354322948],
    [0.027112750969018325, -0.2324154218258222],
    [-0.008539011741079064, 0.01793204498999326],
    [-0.315820496698891, -0.06360982263616267],
    [-0.0833770351451586, -0.2898933271054115],
    [0.18248029714631783, -0.367441563715148],
    [0.7648089283686813, 0.6592475582546706],
    [-0.5555642665084607, -0.006127647899731567]
  ],
  "edge_index": [
    [0, 1],
    [1, 2],
    [1, 4],
    [1, 5],
    [1, 6],
    [1, 37],
    [2, 7],
    [3, 37],
    [4, 9],
    [5, 27],
    [6, 11],
    [7, 12],
    [8, 12],
    [8, 30],
    [10, 11],
    [10, 15],
    [11, 16],
    [12, 17],
    [12, 13],
    [12, 21],
    [12, 22],
    [13, 14],
    [14, 20],
    [14, 19],
    [14, 18],
    [15, 20],
    [15, 26],
    [16, 17],
    [16, 33],
    [18, 19],
    [22, 29],
    [22, 25],
    [23, 24],
    [23, 28],
    [24, 26],
    [25, 27],
    [26, 32],
    [27, 32],
    [27, 33],
    [28, 29],
    [29, 34],
    [30, 34],
    [30, 32],
    [30, 35],
    [31, 33],
    [32, 35],
    [32, 36],
    [33, 34],
    [34, 38]
  ]
}
