{"pos": [[-0.11887999955706187, 0.8808319903558555], [-0.9222974859963087, 0.157191604045298], [-0.2864369538414174, 0.25844240951673536], [0.24658520345235826, -0.32627973161875057], [1.0, -0.8874828729802843], [-0.017790098838815546, -0.04974855723917182], [-0.3524996918836593, 0.49298065037408717], [-0.6393831181012104, 0.1921007364024252], [0.7729750110488423, -0.753761747594984], [0.5138276583107211, -0.5624303686337953], [-0.1961005245934484, 0.5981558873725848]], "edge_index": [[0, 10], [1, 7], [2, 7], [2, 6], [2, 5], [2, 10], [3, 5], [3, 9], [4, 8], [6, 10], [8, 9]]}